{
    "glass": {
        "precision": 0.5555555555555556,
        "recall": 0.8333333333333334,
        "f1-score": 0.6666666666666666,
        "support": 6.0
    },
    "metal": {
        "precision": 0.9696969696969697,
        "recall": 0.9142857142857143,
        "f1-score": 0.9411764705882353,
        "support": 35.0
    },
    "paper": {
        "precision": 1.0,
        "recall": 1.0,
        "f1-score": 1.0,
        "support": 31.0
    },
    "plastic": {
        "precision": 0.9512195121951219,
        "recall": 0.9629629629629629,
        "f1-score": 0.9570552147239264,
        "support": 81.0
    },
    "background": {
        "precision": 0.0,
        "recall": 0.0,
        "f1-score": 0.0,
        "support": 7.0
    },
    "accuracy": 0.9125,
    "macro avg": {
        "precision": 0.6952944074895294,
        "recall": 0.7421164021164021,
        "f1-score": 0.7129796703957657,
        "support": 160.0
    },
    "weighted avg": {
        "precision": 0.9082594235033259,
        "recall": 0.9125,
        "f1-score": 0.9091415553951642,
        "support": 160.0
    }
}