{
    "map": 0.7653086185455322,
    "map_50": 0.966631293296814,
    "map_75": 0.9155547022819519,
    "mar_100": 0.8082568049430847,
    "map_per_class": {
        "glass": 0.7747524976730347,
        "metal": 0.7408586144447327,
        "paper": 0.8109839558601379,
        "plastic": 0.7346393465995789
    }
}