{
    "glass": {
        "precision": 0.6428571428571429,
        "recall": 0.75,
        "f1-score": 0.6923076923076923,
        "support": 12.0
    },
    "metal": {
        "precision": 0.9583333333333334,
        "recall": 0.92,
        "f1-score": 0.9387755102040817,
        "support": 25.0
    },
    "paper": {
        "precision": 0.8275862068965517,
        "recall": 0.9230769230769231,
        "f1-score": 0.8727272727272727,
        "support": 26.0
    },
    "plastic": {
        "precision": 0.803030303030303,
        "recall": 0.9814814814814815,
        "f1-score": 0.8833333333333333,
        "support": 54.0
    },
    "background": {
        "precision": 0.0,
        "recall": 0.0,
        "f1-score": 0.0,
        "support": 17.0
    },
    "accuracy": 0.8134328358208955,
    "macro avg": {
        "precision": 0.6463613972234661,
        "recall": 0.7149116809116809,
        "f1-score": 0.677428761714476,
        "support": 134.0
    },
    "weighted avg": {
        "precision": 0.7205484835116848,
        "recall": 0.8134328358208955,
        "f1-score": 0.7624476802515182,
        "support": 134.0
    }
}