{
    "map": 0.731616735458374,
    "map_50": 0.9499777555465698,
    "map_75": 0.8283018469810486,
    "mar_100": 0.7870277762413025,
    "map_per_class": {
        "glass": 0.6042947173118591,
        "metal": 0.7514103055000305,
        "paper": 0.7849695682525635,
        "plastic": 0.7857922911643982
    }
}