{
    "glass": {
        "precision": 0.6923076923076923,
        "recall": 0.75,
        "f1-score": 0.72,
        "support": 12.0
    },
    "metal": {
        "precision": 0.8571428571428571,
        "recall": 0.96,
        "f1-score": 0.9056603773584906,
        "support": 25.0
    },
    "paper": {
        "precision": 0.9285714285714286,
        "recall": 0.9285714285714286,
        "f1-score": 0.9285714285714286,
        "support": 28.0
    },
    "plastic": {
        "precision": 0.8428571428571429,
        "recall": 1.0,
        "f1-score": 0.9147286821705426,
        "support": 59.0
    },
    "background": {
        "precision": 0.0,
        "recall": 0.0,
        "f1-score": 0.0,
        "support": 16.0
    },
    "accuracy": 0.8428571428571429,
    "macro avg": {
        "precision": 0.6641758241758242,
        "recall": 0.7277142857142858,
        "f1-score": 0.6937920976200923,
        "support": 140.0
    },
    "weighted avg": {
        "precision": 0.753320251177394,
        "recall": 0.8428571428571429,
        "f1-score": 0.7946464405858878,
        "support": 140.0
    }
}