{
    "map": 0.7566643953323364,
    "map_50": 0.9311530590057373,
    "map_75": 0.8865353465080261,
    "mar_100": 0.7998052835464478,
    "map_per_class": {
        "glass": 0.6492418646812439,
        "metal": 0.8022599816322327,
        "paper": 0.7894969582557678,
        "plastic": 0.7856587767601013
    }
}