{
    "map_mean": 0.7615909695625305,
    "map_50_mean": 0.9592261791229248,
    "map_75_mean": 0.8763383269309998
}