{
    "glass": {
        "precision": 0.8181818181818182,
        "recall": 1.0,
        "f1-score": 0.9,
        "support": 9.0
    },
    "metal": {
        "precision": 0.9583333333333334,
        "recall": 1.0,
        "f1-score": 0.9787234042553191,
        "support": 23.0
    },
    "paper": {
        "precision": 0.92,
        "recall": 0.9583333333333334,
        "f1-score": 0.9387755102040817,
        "support": 24.0
    },
    "plastic": {
        "precision": 0.9375,
        "recall": 0.9782608695652174,
        "f1-score": 0.9574468085106383,
        "support": 46.0
    },
    "background": {
        "precision": 0.0,
        "recall": 0.0,
        "f1-score": 0.0,
        "support": 6.0
    },
    "accuracy": 0.9259259259259259,
    "macro avg": {
        "precision": 0.7268030303030304,
        "recall": 0.7873188405797101,
        "f1-score": 0.7549891445940078,
        "support": 108.0
    },
    "weighted avg": {
        "precision": 0.8760213243546576,
        "recall": 0.9259259259259259,
        "f1-score": 0.8998500345764784,
        "support": 108.0
    }
}