{
    "map": 0.7860270738601685,
    "map_50": 0.985823929309845,
    "map_75": 0.8786216378211975,
    "mar_100": 0.8390247821807861,
    "map_per_class": {
        "glass": 0.7717904448509216,
        "metal": 0.8155530095100403,
        "paper": 0.7823121547698975,
        "plastic": 0.7744527459144592
    }
}