{
    "map": 0.7683380246162415,
    "map_50": 0.962544858455658,
    "map_75": 0.8726781010627747,
    "mar_100": 0.8090038299560547,
    "map_per_class": {
        "glass": 0.7636557221412659,
        "metal": 0.7542097568511963,
        "paper": 0.7697197794914246,
        "plastic": 0.7857667803764343
    }
}